{"cameraMode":{"drawMode":0,"name":"Shaded","section":"Shading Mode"},"sceneLighting":true,"audioPlay":false,"sceneViewState":{"m_AlwaysRefresh":false,"showFog":true,"showSkybox":true,"showFlares":true,"showImageEffects":true,"showParticleSystems":true,"showVisualEffectGraphs":true,"m_FxEnabled":true},"in2DMode":false,"pivot":{"x":46.485595703125,"y":-53.135345458984378,"z":409.00286865234377},"rotation":{"x":0.17712464928627015,"y":-0.1890680491924286,"z":0.034942224621772769,"w":0.9653648138046265},"size":430.28594970703127,"orthographic":false}