{"cameraMode":{"drawMode":0,"name":"Shaded","section":"Shading Mode"},"sceneLighting":true,"audioPlay":false,"sceneViewState":{"m_AlwaysRefresh":false,"showFog":true,"showSkybox":true,"showFlares":true,"showImageEffects":true,"showParticleSystems":true,"showVisualEffectGraphs":true,"m_FxEnabled":true},"in2DMode":false,"pivot":{"x":2.9885141849517824,"y":7.7501115798950199,"z":-3.032978057861328},"rotation":{"x":-0.0035608543548732998,"y":-0.9782047271728516,"z":0.20728689432144166,"w":-0.018565934151411058},"size":12.12435531616211,"orthographic":false}