{"cameraMode":{"drawMode":0,"name":"Shaded","section":"Shading Mode"},"sceneLighting":true,"audioPlay":false,"sceneViewState":{"m_AlwaysRefresh":false,"showFog":true,"showSkybox":true,"showFlares":true,"showImageEffects":true,"showParticleSystems":true,"showVisualEffectGraphs":true,"m_FxEnabled":true},"in2DMode":false,"pivot":{"x":119.40103912353516,"y":192.81472778320313,"z":-227.69696044921876},"rotation":{"x":-0.24468810856342317,"y":-0.015912916511297227,"z":0.004371794871985912,"w":-0.969577968120575},"size":81.39410400390625,"orthographic":false}