{"cameraMode":{"drawMode":0,"name":"Shaded","section":"Shading Mode"},"sceneLighting":true,"audioPlay":false,"sceneViewState":{"m_AlwaysRefresh":false,"showFog":true,"showSkybox":true,"showFlares":true,"showImageEffects":true,"showParticleSystems":true,"showVisualEffectGraphs":true,"m_FxEnabled":true},"in2DMode":false,"pivot":{"x":8.064583778381348,"y":1.2677931785583497,"z":2.2527217864990236},"rotation":{"x":0.012969830073416233,"y":0.9854037165641785,"z":-0.1387779265642166,"w":0.09948895871639252},"size":11.88309383392334,"orthographic":false}