{"cameraMode":{"drawMode":0,"name":"Shaded","section":"Shading Mode"},"sceneLighting":true,"audioPlay":false,"sceneViewState":{"m_AlwaysRefresh":false,"showFog":true,"showSkybox":true,"showFlares":true,"showImageEffects":true,"showParticleSystems":true,"showVisualEffectGraphs":true,"m_FxEnabled":true},"in2DMode":false,"pivot":{"x":-2.5190517902374269,"y":2.2091522216796877,"z":-27.6436767578125},"rotation":{"x":0.0020296762231737377,"y":-0.996514618396759,"z":0.021817894652485849,"w":0.08149225264787674},"size":13.159828186035157,"orthographic":false}